"","beta","gam"
"X:(Intercept)",5.59097210146025,3.89899818702001
"X:V2",-9.05492372572514,4.9083799333668
"X:V3",-5.64706662913758,-9.51961096589749
"X:V4",-5.09820519462255,2.69434339532011
"X:V5",-7.48706928359954,-9.07786195971623
"X:V6",-4.36070432246263,0.376181812266938
