"","beta","gam"
"X:(Intercept)",-2.28321442033131,0.275512231590422
"X:V2",2.12260529730201,0.844044023214532
"X:V3",2.07891418596459,-0.832236455041502
"X:V4",2.75227922720912,0.371526599531239
"X:V5",1.46100030952901,-0.837860264963608
"X:V6",2.33105187905332,-0.0270147965592832
"X:V7",2.80703808271399,0.0617180130513036
"X:V8",3.02310627987818,-0.430769360865064
