"","beta","gam"
"X:(Intercept)",-3.05002773381149,-12.4355397831234
"X:V2",1.67686546699595,0.441529580324387
"X:V3",2.17222575777151,-1.33840253862209
"X:V4",2.38788023014916,-1.41763133940211
"X:V5",1.61336753722231,-3.11888796700319
"X:V6",2.35865241886833,-2.83943456910577
"X:V7",2.36997499683758,-2.89572271681643
"X:V8",1.50413164644164,-1.27514554893371
